id;name;description;producer;release_date;video_url
1;Home SDD cyan;Brunei Darussalam Orchestrator Fish;Washington;2020-05-03T05:06:59;bypass optical Investment Account
2;Home Loan Account Wooden Plastic;Computers Cotton;customized paradigms Granite;2020-05-03T07:18:14;multi-state Generic Tuna
3;e-tailers;Licensed Rubber Shirt;discrete;2020-05-03T06:26:10;transmit Human value-added
4;Handmade violet bandwidth;Legacy Lead;Hat Accountability;2020-05-03T05:20:27;Direct
5;Incredible Wooden Salad Handmade workforce;Cambridgeshire;Dynamic composite;2020-05-02T20:07:19;program
6;Texas markets;generate;Savings Account Philippine Peso;2020-05-03T15:07:57;evolve circuit Russian Federation
7;Virginia;1080p Mouse;mindshare Health Wisconsin;2020-05-02T22:28:47;yellow bluetooth
8;reintermediate;Kyat Indian Rupee Pizza;Massachusetts West Virginia;2020-05-03T00:58:41;Svalbard & Jan Mayen Islands
9;leverage Tools payment;Handcrafted grey;blue Cambridgeshire;2020-05-03T09:18:43;monitor
10;optical;synthesizing Automotive;Soap Credit Card Account parsing;2020-05-02T22:12:46;orange Frozen Cross-group
