id;name;bio;password;birth_date;category
1;payment salmon fuchsia;Lead;Persistent;2020-05-03T01:03:56;Adult
2;synthesize connect;Money Market Account hack deposit;Personal Loan Account Cloned;2020-05-03T03:09:05;Child
3;Regional lavender Fantastic;invoice;Granite foreground Metical;2020-05-03T13:51:11;Adult
4;Falkland Islands (Malvinas);transmitting compressing cross-platform;Bermudian Dollar (customarily known as Bermuda Dol;2020-05-02T23:34:59;Child
5;Maryland;maroon Panama;payment;2020-05-03T03:41:16;Adult
6;compressing;generating Extended;array maximize;2020-05-02T21:33:11;Child
7;Michigan Brand;leverage Books Communications;back up Svalbard & Jan Mayen Islands;2020-05-03T18:03:56;Child
8;cross-platform Seychelles Rupee;auxiliary;software;2020-05-03T04:01:50;Child
9;JSON;iterate Analyst generating;online overriding JBOD;2020-05-03T15:36:57;Child
10;Yen;Business-focused;sexy;2020-05-03T19:00:53;Adult
